   cuBLAS, 3,16,-cl-std=CL2.0,1024,0.00091
   clBlas, 3,16,-cl-std=CL2.0,1024,0.00738
myGEMM.cu, 3,16,-cl-std=CL2.0,1024,0.00247
myGEMM.cl, 3,16,-cl-std=CL2.0,1024,0.00242
   cuBLAS, 3,16,-cl-std=CL2.0,2048,0.00536
   clBlas, 3,16,-cl-std=CL2.0,2048,0.02024
myGEMM.cu, 3,16,-cl-std=CL2.0,2048,0.01766
myGEMM.cl, 3,16,-cl-std=CL2.0,2048,0.01877
   cuBLAS, 3,16,-cl-std=CL2.0,4096,0.04061
   clBlas, 3,16,-cl-std=CL2.0,4096,0.13741
myGEMM.cu, 3,16,-cl-std=CL2.0,4096,0.13574
myGEMM.cl, 3,16,-cl-std=CL2.0,4096,0.13650
   cuBLAS, 3,32,-cl-std=CL2.0,1024,0.00088
   clBlas, 3,32,-cl-std=CL2.0,1024,0.00770
myGEMM.cu, 3,32,-cl-std=CL2.0,1024,0.00194
myGEMM.cl, 3,32,-cl-std=CL2.0,1024,0.00183
   cuBLAS, 3,32,-cl-std=CL2.0,2048,0.00533
   clBlas, 3,32,-cl-std=CL2.0,2048,0.02038
myGEMM.cu, 3,32,-cl-std=CL2.0,2048,0.01335
myGEMM.cl, 3,32,-cl-std=CL2.0,2048,0.01409
   cuBLAS, 3,32,-cl-std=CL2.0,4096,0.03831
   clBlas, 3,32,-cl-std=CL2.0,4096,0.11373
myGEMM.cu, 3,32,-cl-std=CL2.0,4096,0.08834
myGEMM.cl, 3,32,-cl-std=CL2.0,4096,0.08884
   cuBLAS, 4,16,-cl-std=CL2.0,1024,0.00090
   clBlas, 4,16,-cl-std=CL2.0,1024,0.00709
myGEMM.cu, 4,16,-cl-std=CL2.0,1024,0.00308
myGEMM.cl, 4,16,-cl-std=CL2.0,1024,0.00285
   cuBLAS, 4,16,-cl-std=CL2.0,2048,0.00532
   clBlas, 4,16,-cl-std=CL2.0,2048,0.02069
myGEMM.cu, 4,16,-cl-std=CL2.0,2048,0.02258
myGEMM.cl, 4,16,-cl-std=CL2.0,2048,0.02230
   cuBLAS, 4,16,-cl-std=CL2.0,4096,0.03359
   clBlas, 4,16,-cl-std=CL2.0,4096,0.11407
myGEMM.cu, 4,16,-cl-std=CL2.0,4096,0.16244
myGEMM.cl, 4,16,-cl-std=CL2.0,4096,0.15076
   cuBLAS, 4,32,-cl-std=CL2.0,1024,0.00090
   clBlas, 4,32,-cl-std=CL2.0,1024,0.00752
myGEMM.cu, 4,32,-cl-std=CL2.0,1024,0.00258
myGEMM.cl, 4,32,-cl-std=CL2.0,1024,0.00236
   cuBLAS, 4,32,-cl-std=CL2.0,2048,0.00533
   clBlas, 4,32,-cl-std=CL2.0,2048,0.02049
myGEMM.cu, 4,32,-cl-std=CL2.0,2048,0.01838
myGEMM.cl, 4,32,-cl-std=CL2.0,2048,0.01819
   cuBLAS, 4,32,-cl-std=CL2.0,4096,0.04123
   clBlas, 4,32,-cl-std=CL2.0,4096,0.11933
myGEMM.cu, 4,32,-cl-std=CL2.0,4096,0.10927
myGEMM.cl, 4,32,-cl-std=CL2.0,4096,0.10884
   cuBLAS, 5,16,-cl-std=CL2.0,1024,0.00089
   clBlas, 5,16,-cl-std=CL2.0,1024,0.00748
myGEMM.cu, 5,16,-cl-std=CL2.0,1024,0.00327
myGEMM.cl, 5,16,-cl-std=CL2.0,1024,0.00485
   cuBLAS, 5,16,-cl-std=CL2.0,2048,0.00534
   clBlas, 5,16,-cl-std=CL2.0,2048,0.02028
myGEMM.cu, 5,16,-cl-std=CL2.0,2048,0.02353
myGEMM.cl, 5,16,-cl-std=CL2.0,2048,0.03662
   cuBLAS, 5,16,-cl-std=CL2.0,4096,0.04129
   clBlas, 5,16,-cl-std=CL2.0,4096,0.16320
myGEMM.cu, 5,16,-cl-std=CL2.0,4096,0.17449
myGEMM.cl, 5,16,-cl-std=CL2.0,4096,0.22132
   cuBLAS, 5,32,-cl-std=CL2.0,1024,0.00088
   clBlas, 5,32,-cl-std=CL2.0,1024,0.00804
myGEMM.cu, 5,32,-cl-std=CL2.0,1024,0.00282
myGEMM.cl, 5,32,-cl-std=CL2.0,1024,0.00443
   cuBLAS, 5,32,-cl-std=CL2.0,2048,0.00536
   clBlas, 5,32,-cl-std=CL2.0,2048,0.02025
myGEMM.cu, 5,32,-cl-std=CL2.0,2048,0.02000
myGEMM.cl, 5,32,-cl-std=CL2.0,2048,0.03314
   cuBLAS, 5,32,-cl-std=CL2.0,4096,0.03786
   clBlas, 5,32,-cl-std=CL2.0,4096,0.13286
myGEMM.cu, 5,32,-cl-std=CL2.0,4096,0.11615
myGEMM.cl, 5,32,-cl-std=CL2.0,4096,0.17818
   cuBLAS, 6,16,-cl-std=CL2.0,1024,0.00088
   clBlas, 6,16,-cl-std=CL2.0,1024,0.00706
myGEMM.cu, 6,16,-cl-std=CL2.0,1024,0.00136
myGEMM.cl, 6,16,-cl-std=CL2.0,1024,0.00152
   cuBLAS, 6,16,-cl-std=CL2.0,2048,0.00532
   clBlas, 6,16,-cl-std=CL2.0,2048,0.02039
myGEMM.cu, 6,16,-cl-std=CL2.0,2048,0.00698
myGEMM.cl, 6,16,-cl-std=CL2.0,2048,0.00834
   cuBLAS, 6,16,-cl-std=CL2.0,4096,0.04115
   clBlas, 6,16,-cl-std=CL2.0,4096,0.16373
myGEMM.cu, 6,16,-cl-std=CL2.0,4096,0.04544
myGEMM.cl, 6,16,-cl-std=CL2.0,4096,0.04107
   cuBLAS, 6,32,-cl-std=CL2.0,1024,0.00089
   clBlas, 6,32,-cl-std=CL2.0,1024,0.00750
myGEMM.cu, 6,32,-cl-std=CL2.0,1024,0.00136
myGEMM.cl, 6,32,-cl-std=CL2.0,1024,0.00154
   cuBLAS, 6,32,-cl-std=CL2.0,2048,0.00533
   clBlas, 6,32,-cl-std=CL2.0,2048,0.02042
myGEMM.cu, 6,32,-cl-std=CL2.0,2048,0.00699
myGEMM.cl, 6,32,-cl-std=CL2.0,2048,0.00833
   cuBLAS, 6,32,-cl-std=CL2.0,4096,0.04036
   clBlas, 6,32,-cl-std=CL2.0,4096,0.11843
myGEMM.cu, 6,32,-cl-std=CL2.0,4096,0.03551
myGEMM.cl, 6,32,-cl-std=CL2.0,4096,0.04127
   cuBLAS, 7,16,-cl-std=CL2.0,1024,0.00090
   clBlas, 7,16,-cl-std=CL2.0,1024,0.00585
myGEMM.cu, 7,16,-cl-std=CL2.0,1024,0.00153
myGEMM.cl, 7,16,-cl-std=CL2.0,1024,0.00156
   cuBLAS, 7,16,-cl-std=CL2.0,2048,0.00532
   clBlas, 7,16,-cl-std=CL2.0,2048,0.02025
myGEMM.cu, 7,16,-cl-std=CL2.0,2048,0.00750
myGEMM.cl, 7,16,-cl-std=CL2.0,2048,0.00827
   cuBLAS, 7,16,-cl-std=CL2.0,4096,0.04120
   clBlas, 7,16,-cl-std=CL2.0,4096,0.11928
myGEMM.cu, 7,16,-cl-std=CL2.0,4096,0.04618
myGEMM.cl, 7,16,-cl-std=CL2.0,4096,0.03811
   cuBLAS, 7,32,-cl-std=CL2.0,1024,0.00088
   clBlas, 7,32,-cl-std=CL2.0,1024,0.00699
myGEMM.cu, 7,32,-cl-std=CL2.0,1024,0.00147
myGEMM.cl, 7,32,-cl-std=CL2.0,1024,0.00151
   cuBLAS, 7,32,-cl-std=CL2.0,2048,0.00537
   clBlas, 7,32,-cl-std=CL2.0,2048,0.02061
myGEMM.cu, 7,32,-cl-std=CL2.0,2048,0.00749
myGEMM.cl, 7,32,-cl-std=CL2.0,2048,0.00828
   cuBLAS, 7,32,-cl-std=CL2.0,4096,0.04087
   clBlas, 7,32,-cl-std=CL2.0,4096,0.11868
myGEMM.cu, 7,32,-cl-std=CL2.0,4096,0.04048
myGEMM.cl, 7,32,-cl-std=CL2.0,4096,0.03938
   cuBLAS, 3,16,-cl-std=CL1.2,1024,0.00090
   clBlas, 3,16,-cl-std=CL1.2,1024,0.00697
myGEMM.cu, 3,16,-cl-std=CL1.2,1024,0.00244
myGEMM.cl, 3,16,-cl-std=CL1.2,1024,0.00241
   cuBLAS, 3,16,-cl-std=CL1.2,2048,0.00532
   clBlas, 3,16,-cl-std=CL1.2,2048,0.02044
myGEMM.cu, 3,16,-cl-std=CL1.2,2048,0.01766
myGEMM.cl, 3,16,-cl-std=CL1.2,2048,0.01877
   cuBLAS, 3,16,-cl-std=CL1.2,4096,0.04100
   clBlas, 3,16,-cl-std=CL1.2,4096,0.13775
myGEMM.cu, 3,16,-cl-std=CL1.2,4096,0.13627
myGEMM.cl, 3,16,-cl-std=CL1.2,4096,0.13812
   cuBLAS, 3,32,-cl-std=CL1.2,1024,0.00088
   clBlas, 3,32,-cl-std=CL1.2,1024,0.00755
myGEMM.cu, 3,32,-cl-std=CL1.2,1024,0.00194
myGEMM.cl, 3,32,-cl-std=CL1.2,1024,0.00183
   cuBLAS, 3,32,-cl-std=CL1.2,2048,0.00534
   clBlas, 3,32,-cl-std=CL1.2,2048,0.02038
myGEMM.cu, 3,32,-cl-std=CL1.2,2048,0.01336
myGEMM.cl, 3,32,-cl-std=CL1.2,2048,0.01409
   cuBLAS, 3,32,-cl-std=CL1.2,4096,0.03690
   clBlas, 3,32,-cl-std=CL1.2,4096,0.11641
myGEMM.cu, 3,32,-cl-std=CL1.2,4096,0.08991
myGEMM.cl, 3,32,-cl-std=CL1.2,4096,0.09510
   cuBLAS, 4,16,-cl-std=CL1.2,1024,0.00087
   clBlas, 4,16,-cl-std=CL1.2,1024,0.00594
myGEMM.cu, 4,16,-cl-std=CL1.2,1024,0.00306
myGEMM.cl, 4,16,-cl-std=CL1.2,1024,0.00284
   cuBLAS, 4,16,-cl-std=CL1.2,2048,0.00534
   clBlas, 4,16,-cl-std=CL1.2,2048,0.02054
myGEMM.cu, 4,16,-cl-std=CL1.2,2048,0.02258
myGEMM.cl, 4,16,-cl-std=CL1.2,2048,0.02230
   cuBLAS, 4,16,-cl-std=CL1.2,4096,0.04107
   clBlas, 4,16,-cl-std=CL1.2,4096,0.12013
myGEMM.cu, 4,16,-cl-std=CL1.2,4096,0.15467
myGEMM.cl, 4,16,-cl-std=CL1.2,4096,0.15095
   cuBLAS, 4,32,-cl-std=CL1.2,1024,0.00088
   clBlas, 4,32,-cl-std=CL1.2,1024,0.00583
myGEMM.cu, 4,32,-cl-std=CL1.2,1024,0.00258
myGEMM.cl, 4,32,-cl-std=CL1.2,1024,0.00235
   cuBLAS, 4,32,-cl-std=CL1.2,2048,0.00536
   clBlas, 4,32,-cl-std=CL1.2,2048,0.02059
myGEMM.cu, 4,32,-cl-std=CL1.2,2048,0.01838
myGEMM.cl, 4,32,-cl-std=CL1.2,2048,0.01819
   cuBLAS, 4,32,-cl-std=CL1.2,4096,0.04088
   clBlas, 4,32,-cl-std=CL1.2,4096,0.11914
myGEMM.cu, 4,32,-cl-std=CL1.2,4096,0.11361
myGEMM.cl, 4,32,-cl-std=CL1.2,4096,0.11086
   cuBLAS, 5,16,-cl-std=CL1.2,1024,0.00092
   clBlas, 5,16,-cl-std=CL1.2,1024,0.00701
myGEMM.cu, 5,16,-cl-std=CL1.2,1024,0.00326
myGEMM.cl, 5,16,-cl-std=CL1.2,1024,0.00486
   cuBLAS, 5,16,-cl-std=CL1.2,2048,0.00534
   clBlas, 5,16,-cl-std=CL1.2,2048,0.02053
myGEMM.cu, 5,16,-cl-std=CL1.2,2048,0.02354
myGEMM.cl, 5,16,-cl-std=CL1.2,2048,0.03663
   cuBLAS, 5,16,-cl-std=CL1.2,4096,0.03595
   clBlas, 5,16,-cl-std=CL1.2,4096,0.15014
myGEMM.cu, 5,16,-cl-std=CL1.2,4096,0.16295
myGEMM.cl, 5,16,-cl-std=CL1.2,4096,0.22482
   cuBLAS, 5,32,-cl-std=CL1.2,1024,0.00090
   clBlas, 5,32,-cl-std=CL1.2,1024,0.00736
myGEMM.cu, 5,32,-cl-std=CL1.2,1024,0.00280
myGEMM.cl, 5,32,-cl-std=CL1.2,1024,0.00442
   cuBLAS, 5,32,-cl-std=CL1.2,2048,0.00536
   clBlas, 5,32,-cl-std=CL1.2,2048,0.02065
myGEMM.cu, 5,32,-cl-std=CL1.2,2048,0.02000
myGEMM.cl, 5,32,-cl-std=CL1.2,2048,0.03288
   cuBLAS, 5,32,-cl-std=CL1.2,4096,0.03863
   clBlas, 5,32,-cl-std=CL1.2,4096,0.11934
myGEMM.cu, 5,32,-cl-std=CL1.2,4096,0.12133
myGEMM.cl, 5,32,-cl-std=CL1.2,4096,0.17754
   cuBLAS, 6,16,-cl-std=CL1.2,1024,0.00088
   clBlas, 6,16,-cl-std=CL1.2,1024,0.00750
myGEMM.cu, 6,16,-cl-std=CL1.2,1024,0.00136
myGEMM.cl, 6,16,-cl-std=CL1.2,1024,0.00146
   cuBLAS, 6,16,-cl-std=CL1.2,2048,0.00536
   clBlas, 6,16,-cl-std=CL1.2,2048,0.02055
myGEMM.cu, 6,16,-cl-std=CL1.2,2048,0.00699
myGEMM.cl, 6,16,-cl-std=CL1.2,2048,0.00833
   cuBLAS, 6,16,-cl-std=CL1.2,4096,0.03930
   clBlas, 6,16,-cl-std=CL1.2,4096,0.11562
myGEMM.cu, 6,16,-cl-std=CL1.2,4096,0.03425
myGEMM.cl, 6,16,-cl-std=CL1.2,4096,0.03900
   cuBLAS, 6,32,-cl-std=CL1.2,1024,0.00088
   clBlas, 6,32,-cl-std=CL1.2,1024,0.00807
myGEMM.cu, 6,32,-cl-std=CL1.2,1024,0.00142
myGEMM.cl, 6,32,-cl-std=CL1.2,1024,0.00151
   cuBLAS, 6,32,-cl-std=CL1.2,2048,0.00535
   clBlas, 6,32,-cl-std=CL1.2,2048,0.02032
myGEMM.cu, 6,32,-cl-std=CL1.2,2048,0.00698
myGEMM.cl, 6,32,-cl-std=CL1.2,2048,0.00835
   cuBLAS, 6,32,-cl-std=CL1.2,4096,0.03999
   clBlas, 6,32,-cl-std=CL1.2,4096,0.11957
myGEMM.cu, 6,32,-cl-std=CL1.2,4096,0.03669
myGEMM.cl, 6,32,-cl-std=CL1.2,4096,0.04108
   cuBLAS, 7,16,-cl-std=CL1.2,1024,0.00089
   clBlas, 7,16,-cl-std=CL1.2,1024,0.00809
myGEMM.cu, 7,16,-cl-std=CL1.2,1024,0.00149
myGEMM.cl, 7,16,-cl-std=CL1.2,1024,0.00147
   cuBLAS, 7,16,-cl-std=CL1.2,2048,0.00533
   clBlas, 7,16,-cl-std=CL1.2,2048,0.02029
myGEMM.cu, 7,16,-cl-std=CL1.2,2048,0.00750
myGEMM.cl, 7,16,-cl-std=CL1.2,2048,0.00828
   cuBLAS, 7,16,-cl-std=CL1.2,4096,0.04071
   clBlas, 7,16,-cl-std=CL1.2,4096,0.13601
myGEMM.cu, 7,16,-cl-std=CL1.2,4096,0.03697
myGEMM.cl, 7,16,-cl-std=CL1.2,4096,0.03900
   cuBLAS, 7,32,-cl-std=CL1.2,1024,0.00089
   clBlas, 7,32,-cl-std=CL1.2,1024,0.00697
myGEMM.cu, 7,32,-cl-std=CL1.2,1024,0.00147
myGEMM.cl, 7,32,-cl-std=CL1.2,1024,0.00150
   cuBLAS, 7,32,-cl-std=CL1.2,2048,0.00536
   clBlas, 7,32,-cl-std=CL1.2,2048,0.02261
myGEMM.cu, 7,32,-cl-std=CL1.2,2048,0.00755
myGEMM.cl, 7,32,-cl-std=CL1.2,2048,0.00824
   cuBLAS, 7,32,-cl-std=CL1.2,4096,0.04133
   clBlas, 7,32,-cl-std=CL1.2,4096,0.13963
myGEMM.cu, 7,32,-cl-std=CL1.2,4096,0.04036
myGEMM.cl, 7,32,-cl-std=CL1.2,4096,0.03802
   cuBLAS, 1, 4,-cl-std=CL2.0,1024,0.00092
   clBlas, 1, 4,-cl-std=CL2.0,1024,0.00705
myGEMM.cu, 1, 4,-cl-std=CL2.0,1024,0.01738
myGEMM.cl, 1, 4,-cl-std=CL2.0,1024,0.01688
   cuBLAS, 1, 4,-cl-std=CL2.0,2048,0.00536
   clBlas, 1, 4,-cl-std=CL2.0,2048,0.02067
myGEMM.cu, 1, 4,-cl-std=CL2.0,2048,0.14408
myGEMM.cl, 1, 4,-cl-std=CL2.0,2048,0.11905
   cuBLAS, 1, 4,-cl-std=CL2.0,4096,0.03671
   clBlas, 1, 4,-cl-std=CL2.0,4096,0.11660
myGEMM.cu, 1, 4,-cl-std=CL2.0,4096,1.10167
myGEMM.cl, 1, 4,-cl-std=CL2.0,4096,1.06457
   cuBLAS, 1,16,-cl-std=CL2.0,1024,0.00090
   clBlas, 1,16,-cl-std=CL2.0,1024,0.00668
myGEMM.cu, 1,16,-cl-std=CL2.0,1024,0.00681
myGEMM.cl, 1,16,-cl-std=CL2.0,1024,0.00673
   cuBLAS, 1,16,-cl-std=CL2.0,2048,0.00535
   clBlas, 1,16,-cl-std=CL2.0,2048,0.02047
myGEMM.cu, 1,16,-cl-std=CL2.0,2048,0.05244
myGEMM.cl, 1,16,-cl-std=CL2.0,2048,0.04335
   cuBLAS, 1,16,-cl-std=CL2.0,4096,0.02959
   clBlas, 1,16,-cl-std=CL2.0,4096,0.11072
myGEMM.cu, 1,16,-cl-std=CL2.0,4096,0.37621
myGEMM.cl, 1,16,-cl-std=CL2.0,4096,0.37225
   cuBLAS, 1,32,-cl-std=CL2.0,1024,0.00091
   clBlas, 1,32,-cl-std=CL2.0,1024,0.00686
myGEMM.cu, 1,32,-cl-std=CL2.0,1024,0.00739
myGEMM.cl, 1,32,-cl-std=CL2.0,1024,0.00720
   cuBLAS, 1,32,-cl-std=CL2.0,2048,0.00533
   clBlas, 1,32,-cl-std=CL2.0,2048,0.02053
myGEMM.cu, 1,32,-cl-std=CL2.0,2048,0.05668
myGEMM.cl, 1,32,-cl-std=CL2.0,2048,0.05035
   cuBLAS, 1,32,-cl-std=CL2.0,4096,0.04102
   clBlas, 1,32,-cl-std=CL2.0,4096,0.12009
myGEMM.cu, 1,32,-cl-std=CL2.0,4096,0.33501
myGEMM.cl, 1,32,-cl-std=CL2.0,4096,0.32943
   cuBLAS, 2, 4,-cl-std=CL2.0,1024,0.00090
   clBlas, 2, 4,-cl-std=CL2.0,1024,0.00574
myGEMM.cu, 2, 4,-cl-std=CL2.0,1024,0.02800
myGEMM.cl, 2, 4,-cl-std=CL2.0,1024,0.02815
   cuBLAS, 2, 4,-cl-std=CL2.0,2048,0.00538
   clBlas, 2, 4,-cl-std=CL2.0,2048,0.02028
myGEMM.cu, 2, 4,-cl-std=CL2.0,2048,0.22360
myGEMM.cl, 2, 4,-cl-std=CL2.0,2048,0.18689
   cuBLAS, 2, 4,-cl-std=CL2.0,4096,0.02450
   clBlas, 2, 4,-cl-std=CL2.0,4096,0.10962
myGEMM.cu, 2, 4,-cl-std=CL2.0,4096,1.51705
myGEMM.cl, 2, 4,-cl-std=CL2.0,4096,1.52400
   cuBLAS, 2,16,-cl-std=CL2.0,1024,0.00088
   clBlas, 2,16,-cl-std=CL2.0,1024,0.00563
myGEMM.cu, 2,16,-cl-std=CL2.0,1024,0.00525
myGEMM.cl, 2,16,-cl-std=CL2.0,1024,0.00530
   cuBLAS, 2,16,-cl-std=CL2.0,2048,0.00533
   clBlas, 2,16,-cl-std=CL2.0,2048,0.02029
myGEMM.cu, 2,16,-cl-std=CL2.0,2048,0.04038
myGEMM.cl, 2,16,-cl-std=CL2.0,2048,0.04101
   cuBLAS, 2,16,-cl-std=CL2.0,4096,0.04097
   clBlas, 2,16,-cl-std=CL2.0,4096,0.11881
myGEMM.cu, 2,16,-cl-std=CL2.0,4096,0.25637
myGEMM.cl, 2,16,-cl-std=CL2.0,4096,0.25831
   cuBLAS, 2,32,-cl-std=CL2.0,1024,0.00091
   clBlas, 2,32,-cl-std=CL2.0,1024,0.00710
myGEMM.cu, 2,32,-cl-std=CL2.0,1024,0.00577
myGEMM.cl, 2,32,-cl-std=CL2.0,1024,0.00571
   cuBLAS, 2,32,-cl-std=CL2.0,2048,0.00538
   clBlas, 2,32,-cl-std=CL2.0,2048,0.02027
myGEMM.cu, 2,32,-cl-std=CL2.0,2048,0.04423
myGEMM.cl, 2,32,-cl-std=CL2.0,2048,0.04190
   cuBLAS, 2,32,-cl-std=CL2.0,4096,0.04107
   clBlas, 2,32,-cl-std=CL2.0,4096,0.13781
myGEMM.cu, 2,32,-cl-std=CL2.0,4096,0.25791
myGEMM.cl, 2,32,-cl-std=CL2.0,4096,0.24733
   cuBLAS, 1, 4,-cl-std=CL1.2,1024,0.00087
   clBlas, 1, 4,-cl-std=CL1.2,1024,0.00575
myGEMM.cu, 1, 4,-cl-std=CL1.2,1024,0.01728
myGEMM.cl, 1, 4,-cl-std=CL1.2,1024,0.01689
   cuBLAS, 1, 4,-cl-std=CL1.2,2048,0.00537
   clBlas, 1, 4,-cl-std=CL1.2,2048,0.02034
myGEMM.cu, 1, 4,-cl-std=CL1.2,2048,0.13902
myGEMM.cl, 1, 4,-cl-std=CL1.2,2048,0.12207
   cuBLAS, 1, 4,-cl-std=CL1.2,4096,0.02492
   clBlas, 1, 4,-cl-std=CL1.2,4096,0.14198
myGEMM.cu, 1, 4,-cl-std=CL1.2,4096,1.11169
myGEMM.cl, 1, 4,-cl-std=CL1.2,4096,1.06734
   cuBLAS, 1,16,-cl-std=CL1.2,1024,0.00092
   clBlas, 1,16,-cl-std=CL1.2,1024,0.00580
myGEMM.cu, 1,16,-cl-std=CL1.2,1024,0.00697
myGEMM.cl, 1,16,-cl-std=CL1.2,1024,0.00679
   cuBLAS, 1,16,-cl-std=CL1.2,2048,0.00532
   clBlas, 1,16,-cl-std=CL1.2,2048,0.02038
myGEMM.cu, 1,16,-cl-std=CL1.2,2048,0.05244
myGEMM.cl, 1,16,-cl-std=CL1.2,2048,0.04246
   cuBLAS, 1,16,-cl-std=CL1.2,4096,0.03058
   clBlas, 1,16,-cl-std=CL1.2,4096,0.14585
myGEMM.cu, 1,16,-cl-std=CL1.2,4096,0.38117
myGEMM.cl, 1,16,-cl-std=CL1.2,4096,0.38195
   cuBLAS, 1,32,-cl-std=CL1.2,1024,0.00088
   clBlas, 1,32,-cl-std=CL1.2,1024,0.00584
myGEMM.cu, 1,32,-cl-std=CL1.2,1024,0.00741
myGEMM.cl, 1,32,-cl-std=CL1.2,1024,0.00718
   cuBLAS, 1,32,-cl-std=CL1.2,2048,0.00538
   clBlas, 1,32,-cl-std=CL1.2,2048,0.02039
myGEMM.cu, 1,32,-cl-std=CL1.2,2048,0.05677
myGEMM.cl, 1,32,-cl-std=CL1.2,2048,0.04284
   cuBLAS, 1,32,-cl-std=CL1.2,4096,0.03321
   clBlas, 1,32,-cl-std=CL1.2,4096,0.11337
myGEMM.cu, 1,32,-cl-std=CL1.2,4096,0.33555
myGEMM.cl, 1,32,-cl-std=CL1.2,4096,0.33116
   cuBLAS, 2, 4,-cl-std=CL1.2,1024,0.00093
   clBlas, 2, 4,-cl-std=CL1.2,1024,0.00664
myGEMM.cu, 2, 4,-cl-std=CL1.2,1024,0.02832
myGEMM.cl, 2, 4,-cl-std=CL1.2,1024,0.02826
   cuBLAS, 2, 4,-cl-std=CL1.2,2048,0.00534
   clBlas, 2, 4,-cl-std=CL1.2,2048,0.02044
myGEMM.cu, 2, 4,-cl-std=CL1.2,2048,0.20700
myGEMM.cl, 2, 4,-cl-std=CL1.2,2048,0.18809
   cuBLAS, 2, 4,-cl-std=CL1.2,4096,0.03548
   clBlas, 2, 4,-cl-std=CL1.2,4096,0.11594
myGEMM.cu, 2, 4,-cl-std=CL1.2,4096,1.52351
myGEMM.cl, 2, 4,-cl-std=CL1.2,4096,1.52852
   cuBLAS, 2,16,-cl-std=CL1.2,1024,0.00088
   clBlas, 2,16,-cl-std=CL1.2,1024,0.00675
myGEMM.cu, 2,16,-cl-std=CL1.2,1024,0.00527
myGEMM.cl, 2,16,-cl-std=CL1.2,1024,0.00524
   cuBLAS, 2,16,-cl-std=CL1.2,2048,0.00535
   clBlas, 2,16,-cl-std=CL1.2,2048,0.02048
myGEMM.cu, 2,16,-cl-std=CL1.2,2048,0.04040
myGEMM.cl, 2,16,-cl-std=CL1.2,2048,0.04187
   cuBLAS, 2,16,-cl-std=CL1.2,4096,0.04084
   clBlas, 2,16,-cl-std=CL1.2,4096,0.12265
myGEMM.cu, 2,16,-cl-std=CL1.2,4096,0.25288
myGEMM.cl, 2,16,-cl-std=CL1.2,4096,0.26054
   cuBLAS, 2,32,-cl-std=CL1.2,1024,0.00091
   clBlas, 2,32,-cl-std=CL1.2,1024,0.00591
myGEMM.cu, 2,32,-cl-std=CL1.2,1024,0.00578
myGEMM.cl, 2,32,-cl-std=CL1.2,1024,0.00567
   cuBLAS, 2,32,-cl-std=CL1.2,2048,0.00538
   clBlas, 2,32,-cl-std=CL1.2,2048,0.02048
myGEMM.cu, 2,32,-cl-std=CL1.2,2048,0.04440
myGEMM.cl, 2,32,-cl-std=CL1.2,2048,0.04374
   cuBLAS, 2,32,-cl-std=CL1.2,4096,0.03901
   clBlas, 2,32,-cl-std=CL1.2,4096,0.13101
myGEMM.cu, 2,32,-cl-std=CL1.2,4096,0.24470
myGEMM.cl, 2,32,-cl-std=CL1.2,4096,0.24658
   cuBLAS, 8, 4,-cl-std=CL2.0,1024,0.00089
   clBlas, 8, 4,-cl-std=CL2.0,1024,0.00823
myGEMM.cu, 8, 4,-cl-std=CL2.0,1024,0.00154
myGEMM.cl, 8, 4,-cl-std=CL2.0,1024,0.00163
   cuBLAS, 8, 4,-cl-std=CL2.0,2048,0.00536
   clBlas, 8, 4,-cl-std=CL2.0,2048,0.02074
myGEMM.cu, 8, 4,-cl-std=CL2.0,2048,0.00750
myGEMM.cl, 8, 4,-cl-std=CL2.0,2048,0.00827
   cuBLAS, 8, 4,-cl-std=CL2.0,4096,0.03685
   clBlas, 8, 4,-cl-std=CL2.0,4096,0.11424
myGEMM.cu, 8, 4,-cl-std=CL2.0,4096,0.03905
myGEMM.cl, 8, 4,-cl-std=CL2.0,4096,0.03975
   cuBLAS, 8,16,-cl-std=CL2.0,1024,0.00092
   clBlas, 8,16,-cl-std=CL2.0,1024,0.00824
myGEMM.cu, 8,16,-cl-std=CL2.0,1024,0.00154
myGEMM.cl, 8,16,-cl-std=CL2.0,1024,0.00156
   cuBLAS, 8,16,-cl-std=CL2.0,2048,0.00532
   clBlas, 8,16,-cl-std=CL2.0,2048,0.02039
myGEMM.cu, 8,16,-cl-std=CL2.0,2048,0.00754
myGEMM.cl, 8,16,-cl-std=CL2.0,2048,0.00827
   cuBLAS, 8,16,-cl-std=CL2.0,4096,0.03842
   clBlas, 8,16,-cl-std=CL2.0,4096,0.11792
myGEMM.cu, 8,16,-cl-std=CL2.0,4096,0.03801
myGEMM.cl, 8,16,-cl-std=CL2.0,4096,0.04008
   cuBLAS, 8,32,-cl-std=CL2.0,1024,0.00088
   clBlas, 8,32,-cl-std=CL2.0,1024,0.00726
myGEMM.cu, 8,32,-cl-std=CL2.0,1024,0.00144
myGEMM.cl, 8,32,-cl-std=CL2.0,1024,0.00149
   cuBLAS, 8,32,-cl-std=CL2.0,2048,0.00535
   clBlas, 8,32,-cl-std=CL2.0,2048,0.02078
myGEMM.cu, 8,32,-cl-std=CL2.0,2048,0.00752
myGEMM.cl, 8,32,-cl-std=CL2.0,2048,0.00827
   cuBLAS, 8,32,-cl-std=CL2.0,4096,0.03305
   clBlas, 8,32,-cl-std=CL2.0,4096,0.11429
myGEMM.cu, 8,32,-cl-std=CL2.0,4096,0.03854
myGEMM.cl, 8,32,-cl-std=CL2.0,4096,0.03831
   cuBLAS, 9, 4,-cl-std=CL2.0,1024,0.00093
   clBlas, 9, 4,-cl-std=CL2.0,1024,0.00604
myGEMM.cu, 9, 4,-cl-std=CL2.0,1024,0.00144
myGEMM.cl, 9, 4,-cl-std=CL2.0,1024,0.00158
   cuBLAS, 9, 4,-cl-std=CL2.0,2048,0.00538
   clBlas, 9, 4,-cl-std=CL2.0,2048,0.02043
myGEMM.cu, 9, 4,-cl-std=CL2.0,2048,0.00771
myGEMM.cl, 9, 4,-cl-std=CL2.0,2048,0.00831
   cuBLAS, 9, 4,-cl-std=CL2.0,4096,0.03630
   clBlas, 9, 4,-cl-std=CL2.0,4096,0.11151
myGEMM.cu, 9, 4,-cl-std=CL2.0,4096,0.03820
myGEMM.cl, 9, 4,-cl-std=CL2.0,4096,0.04081
   cuBLAS, 9,16,-cl-std=CL2.0,1024,0.00091
   clBlas, 9,16,-cl-std=CL2.0,1024,0.00712
myGEMM.cu, 9,16,-cl-std=CL2.0,1024,0.00148
myGEMM.cl, 9,16,-cl-std=CL2.0,1024,0.00150
   cuBLAS, 9,16,-cl-std=CL2.0,2048,0.00538
   clBlas, 9,16,-cl-std=CL2.0,2048,0.02038
myGEMM.cu, 9,16,-cl-std=CL2.0,2048,0.00771
myGEMM.cl, 9,16,-cl-std=CL2.0,2048,0.00833
   cuBLAS, 9,16,-cl-std=CL2.0,4096,0.04032
   clBlas, 9,16,-cl-std=CL2.0,4096,0.12431
myGEMM.cu, 9,16,-cl-std=CL2.0,4096,0.03672
myGEMM.cl, 9,16,-cl-std=CL2.0,4096,0.03946
   cuBLAS, 9,32,-cl-std=CL2.0,1024,0.00089
   clBlas, 9,32,-cl-std=CL2.0,1024,0.00715
myGEMM.cu, 9,32,-cl-std=CL2.0,1024,0.00157
myGEMM.cl, 9,32,-cl-std=CL2.0,1024,0.00157
   cuBLAS, 9,32,-cl-std=CL2.0,2048,0.00536
   clBlas, 9,32,-cl-std=CL2.0,2048,0.02054
myGEMM.cu, 9,32,-cl-std=CL2.0,2048,0.00771
myGEMM.cl, 9,32,-cl-std=CL2.0,2048,0.00832
   cuBLAS, 9,32,-cl-std=CL2.0,4096,0.03760
   clBlas, 9,32,-cl-std=CL2.0,4096,0.11430
myGEMM.cu, 9,32,-cl-std=CL2.0,4096,0.03850
myGEMM.cl, 9,32,-cl-std=CL2.0,4096,0.04102
   cuBLAS,10, 4,-cl-std=CL2.0,1024,0.00091
   clBlas,10, 4,-cl-std=CL2.0,1024,0.00601
myGEMM.cu,10, 4,-cl-std=CL2.0,1024,0.00161
myGEMM.cl,10, 4,-cl-std=CL2.0,1024,0.00200
   cuBLAS,10, 4,-cl-std=CL2.0,2048,0.00535
   clBlas,10, 4,-cl-std=CL2.0,2048,0.02044
myGEMM.cu,10, 4,-cl-std=CL2.0,2048,0.00838
myGEMM.cl,10, 4,-cl-std=CL2.0,2048,0.00889
   cuBLAS,10, 4,-cl-std=CL2.0,4096,0.04130
   clBlas,10, 4,-cl-std=CL2.0,4096,0.11881
myGEMM.cu,10, 4,-cl-std=CL2.0,4096,0.04386
myGEMM.cl,10, 4,-cl-std=CL2.0,4096,0.04383
   cuBLAS,10,16,-cl-std=CL2.0,1024,0.00091
   clBlas,10,16,-cl-std=CL2.0,1024,0.00660
myGEMM.cu,10,16,-cl-std=CL2.0,1024,0.00157
myGEMM.cl,10,16,-cl-std=CL2.0,1024,0.00182
   cuBLAS,10,16,-cl-std=CL2.0,2048,0.00536
   clBlas,10,16,-cl-std=CL2.0,2048,0.02045
myGEMM.cu,10,16,-cl-std=CL2.0,2048,0.00833
myGEMM.cl,10,16,-cl-std=CL2.0,2048,0.00891
   cuBLAS,10,16,-cl-std=CL2.0,4096,0.03892
   clBlas,10,16,-cl-std=CL2.0,4096,0.13027
myGEMM.cu,10,16,-cl-std=CL2.0,4096,0.04055
myGEMM.cl,10,16,-cl-std=CL2.0,4096,0.04263
   cuBLAS,10,32,-cl-std=CL2.0,1024,0.00092
   clBlas,10,32,-cl-std=CL2.0,1024,0.00689
myGEMM.cu,10,32,-cl-std=CL2.0,1024,0.00161
myGEMM.cl,10,32,-cl-std=CL2.0,1024,0.00184
   cuBLAS,10,32,-cl-std=CL2.0,2048,0.00535
   clBlas,10,32,-cl-std=CL2.0,2048,0.02056
myGEMM.cu,10,32,-cl-std=CL2.0,2048,0.00834
myGEMM.cl,10,32,-cl-std=CL2.0,2048,0.00893
   cuBLAS,10,32,-cl-std=CL2.0,4096,0.03282
   clBlas,10,32,-cl-std=CL2.0,4096,0.11475
myGEMM.cu,10,32,-cl-std=CL2.0,4096,0.04441
myGEMM.cl,10,32,-cl-std=CL2.0,4096,0.04260
   cuBLAS,11, 4,-cl-std=CL2.0,1024,0.00088
   clBlas,11, 4,-cl-std=CL2.0,1024,0.00601
myGEMM.cu,11, 4,-cl-std=CL2.0,1024,0.00142
myGEMM.cl,11, 4,-cl-std=CL2.0,1024,0.00137
   cuBLAS,11, 4,-cl-std=CL2.0,2048,0.00535
   clBlas,11, 4,-cl-std=CL2.0,2048,0.02043
myGEMM.cu,11, 4,-cl-std=CL2.0,2048,0.00895
myGEMM.cl,11, 4,-cl-std=CL2.0,2048,0.00864
   cuBLAS,11, 4,-cl-std=CL2.0,4096,0.03885
   clBlas,11, 4,-cl-std=CL2.0,4096,0.12118
myGEMM.cu,11, 4,-cl-std=CL2.0,4096,0.05661
myGEMM.cl,11, 4,-cl-std=CL2.0,4096,0.04470
   cuBLAS,11,16,-cl-std=CL2.0,1024,0.00091
   clBlas,11,16,-cl-std=CL2.0,1024,0.00589
myGEMM.cu,11,16,-cl-std=CL2.0,1024,0.00151
myGEMM.cl,11,16,-cl-std=CL2.0,1024,0.00139
   cuBLAS,11,16,-cl-std=CL2.0,2048,0.00536
   clBlas,11,16,-cl-std=CL2.0,2048,0.02048
myGEMM.cu,11,16,-cl-std=CL2.0,2048,0.00896
myGEMM.cl,11,16,-cl-std=CL2.0,2048,0.00854
   cuBLAS,11,16,-cl-std=CL2.0,4096,0.04084
   clBlas,11,16,-cl-std=CL2.0,4096,0.12277
myGEMM.cu,11,16,-cl-std=CL2.0,4096,0.06235
myGEMM.cl,11,16,-cl-std=CL2.0,4096,0.04542
   cuBLAS,11,32,-cl-std=CL2.0,1024,0.00090
   clBlas,11,32,-cl-std=CL2.0,1024,0.00688
myGEMM.cu,11,32,-cl-std=CL2.0,1024,0.00142
myGEMM.cl,11,32,-cl-std=CL2.0,1024,0.00137
   cuBLAS,11,32,-cl-std=CL2.0,2048,0.00537
   clBlas,11,32,-cl-std=CL2.0,2048,0.02041
myGEMM.cu,11,32,-cl-std=CL2.0,2048,0.00894
myGEMM.cl,11,32,-cl-std=CL2.0,2048,0.00862
   cuBLAS,11,32,-cl-std=CL2.0,4096,0.04143
   clBlas,11,32,-cl-std=CL2.0,4096,0.11832
myGEMM.cu,11,32,-cl-std=CL2.0,4096,0.05959
myGEMM.cl,11,32,-cl-std=CL2.0,4096,0.04548
   cuBLAS, 8, 4,-cl-std=CL1.2,1024,0.00093
   clBlas, 8, 4,-cl-std=CL1.2,1024,0.00709
myGEMM.cu, 8, 4,-cl-std=CL1.2,1024,0.00150
myGEMM.cl, 8, 4,-cl-std=CL1.2,1024,0.00149
   cuBLAS, 8, 4,-cl-std=CL1.2,2048,0.00533
   clBlas, 8, 4,-cl-std=CL1.2,2048,0.02070
myGEMM.cu, 8, 4,-cl-std=CL1.2,2048,0.00752
myGEMM.cl, 8, 4,-cl-std=CL1.2,2048,0.00826
   cuBLAS, 8, 4,-cl-std=CL1.2,4096,0.04141
   clBlas, 8, 4,-cl-std=CL1.2,4096,0.11773
myGEMM.cu, 8, 4,-cl-std=CL1.2,4096,0.03967
myGEMM.cl, 8, 4,-cl-std=CL1.2,4096,0.03926
   cuBLAS, 8,16,-cl-std=CL1.2,1024,0.00090
   clBlas, 8,16,-cl-std=CL1.2,1024,0.00629
myGEMM.cu, 8,16,-cl-std=CL1.2,1024,0.00153
myGEMM.cl, 8,16,-cl-std=CL1.2,1024,0.00153
   cuBLAS, 8,16,-cl-std=CL1.2,2048,0.00534
   clBlas, 8,16,-cl-std=CL1.2,2048,0.02046
myGEMM.cu, 8,16,-cl-std=CL1.2,2048,0.00752
myGEMM.cl, 8,16,-cl-std=CL1.2,2048,0.00832
   cuBLAS, 8,16,-cl-std=CL1.2,4096,0.03995
   clBlas, 8,16,-cl-std=CL1.2,4096,0.12201
myGEMM.cu, 8,16,-cl-std=CL1.2,4096,0.03751
myGEMM.cl, 8,16,-cl-std=CL1.2,4096,0.03918
   cuBLAS, 8,32,-cl-std=CL1.2,1024,0.00090
   clBlas, 8,32,-cl-std=CL1.2,1024,0.00579
myGEMM.cu, 8,32,-cl-std=CL1.2,1024,0.00144
myGEMM.cl, 8,32,-cl-std=CL1.2,1024,0.00154
   cuBLAS, 8,32,-cl-std=CL1.2,2048,0.00535
   clBlas, 8,32,-cl-std=CL1.2,2048,0.02046
myGEMM.cu, 8,32,-cl-std=CL1.2,2048,0.00752
myGEMM.cl, 8,32,-cl-std=CL1.2,2048,0.00835
   cuBLAS, 8,32,-cl-std=CL1.2,4096,0.03983
   clBlas, 8,32,-cl-std=CL1.2,4096,0.13354
myGEMM.cu, 8,32,-cl-std=CL1.2,4096,0.03796
myGEMM.cl, 8,32,-cl-std=CL1.2,4096,0.03835
   cuBLAS, 9, 4,-cl-std=CL1.2,1024,0.00094
   clBlas, 9, 4,-cl-std=CL1.2,1024,0.00822
myGEMM.cu, 9, 4,-cl-std=CL1.2,1024,0.00154
myGEMM.cl, 9, 4,-cl-std=CL1.2,1024,0.00160
   cuBLAS, 9, 4,-cl-std=CL1.2,2048,0.00538
   clBlas, 9, 4,-cl-std=CL1.2,2048,0.02065
myGEMM.cu, 9, 4,-cl-std=CL1.2,2048,0.00771
myGEMM.cl, 9, 4,-cl-std=CL1.2,2048,0.00828
   cuBLAS, 9, 4,-cl-std=CL1.2,4096,0.03746
   clBlas, 9, 4,-cl-std=CL1.2,4096,0.11129
myGEMM.cu, 9, 4,-cl-std=CL1.2,4096,0.03769
myGEMM.cl, 9, 4,-cl-std=CL1.2,4096,0.04121
   cuBLAS, 9,16,-cl-std=CL1.2,1024,0.00087
   clBlas, 9,16,-cl-std=CL1.2,1024,0.00643
myGEMM.cu, 9,16,-cl-std=CL1.2,1024,0.00144
myGEMM.cl, 9,16,-cl-std=CL1.2,1024,0.00148
   cuBLAS, 9,16,-cl-std=CL1.2,2048,0.00532
   clBlas, 9,16,-cl-std=CL1.2,2048,0.02045
myGEMM.cu, 9,16,-cl-std=CL1.2,2048,0.00772
myGEMM.cl, 9,16,-cl-std=CL1.2,2048,0.00840
   cuBLAS, 9,16,-cl-std=CL1.2,4096,0.04069
   clBlas, 9,16,-cl-std=CL1.2,4096,0.15990
myGEMM.cu, 9,16,-cl-std=CL1.2,4096,0.03957
myGEMM.cl, 9,16,-cl-std=CL1.2,4096,0.03933
   cuBLAS, 9,32,-cl-std=CL1.2,1024,0.00088
   clBlas, 9,32,-cl-std=CL1.2,1024,0.00579
myGEMM.cu, 9,32,-cl-std=CL1.2,1024,0.00151
myGEMM.cl, 9,32,-cl-std=CL1.2,1024,0.00152
   cuBLAS, 9,32,-cl-std=CL1.2,2048,0.00536
   clBlas, 9,32,-cl-std=CL1.2,2048,0.02060
myGEMM.cu, 9,32,-cl-std=CL1.2,2048,0.00772
myGEMM.cl, 9,32,-cl-std=CL1.2,2048,0.00835
   cuBLAS, 9,32,-cl-std=CL1.2,4096,0.04129
   clBlas, 9,32,-cl-std=CL1.2,4096,0.11999
myGEMM.cu, 9,32,-cl-std=CL1.2,4096,0.03915
myGEMM.cl, 9,32,-cl-std=CL1.2,4096,0.04142
   cuBLAS,10, 4,-cl-std=CL1.2,1024,0.00088
   clBlas,10, 4,-cl-std=CL1.2,1024,0.00661
myGEMM.cu,10, 4,-cl-std=CL1.2,1024,0.00167
myGEMM.cl,10, 4,-cl-std=CL1.2,1024,0.00179
   cuBLAS,10, 4,-cl-std=CL1.2,2048,0.00536
   clBlas,10, 4,-cl-std=CL1.2,2048,0.02040
myGEMM.cu,10, 4,-cl-std=CL1.2,2048,0.00834
myGEMM.cl,10, 4,-cl-std=CL1.2,2048,0.00897
   cuBLAS,10, 4,-cl-std=CL1.2,4096,0.03663
   clBlas,10, 4,-cl-std=CL1.2,4096,0.11296
myGEMM.cu,10, 4,-cl-std=CL1.2,4096,0.04072
myGEMM.cl,10, 4,-cl-std=CL1.2,4096,0.04378
   cuBLAS,10,16,-cl-std=CL1.2,1024,0.00091
   clBlas,10,16,-cl-std=CL1.2,1024,0.00659
myGEMM.cu,10,16,-cl-std=CL1.2,1024,0.00163
myGEMM.cl,10,16,-cl-std=CL1.2,1024,0.00196
   cuBLAS,10,16,-cl-std=CL1.2,2048,0.00536
   clBlas,10,16,-cl-std=CL1.2,2048,0.02039
myGEMM.cu,10,16,-cl-std=CL1.2,2048,0.00836
myGEMM.cl,10,16,-cl-std=CL1.2,2048,0.00890
   cuBLAS,10,16,-cl-std=CL1.2,4096,0.03809
   clBlas,10,16,-cl-std=CL1.2,4096,0.11836
myGEMM.cu,10,16,-cl-std=CL1.2,4096,0.04090
myGEMM.cl,10,16,-cl-std=CL1.2,4096,0.04216
   cuBLAS,10,32,-cl-std=CL1.2,1024,0.00091
   clBlas,10,32,-cl-std=CL1.2,1024,0.00646
myGEMM.cu,10,32,-cl-std=CL1.2,1024,0.00160
myGEMM.cl,10,32,-cl-std=CL1.2,1024,0.00199
   cuBLAS,10,32,-cl-std=CL1.2,2048,0.00536
   clBlas,10,32,-cl-std=CL1.2,2048,0.02046
myGEMM.cu,10,32,-cl-std=CL1.2,2048,0.00834
myGEMM.cl,10,32,-cl-std=CL1.2,2048,0.00896
   cuBLAS,10,32,-cl-std=CL1.2,4096,0.04096
   clBlas,10,32,-cl-std=CL1.2,4096,0.13903
myGEMM.cu,10,32,-cl-std=CL1.2,4096,0.04111
myGEMM.cl,10,32,-cl-std=CL1.2,4096,0.04286
   cuBLAS,11, 4,-cl-std=CL1.2,1024,0.00089
   clBlas,11, 4,-cl-std=CL1.2,1024,0.00577
myGEMM.cu,11, 4,-cl-std=CL1.2,1024,0.00144
myGEMM.cl,11, 4,-cl-std=CL1.2,1024,0.00137
   cuBLAS,11, 4,-cl-std=CL1.2,2048,0.00532
   clBlas,11, 4,-cl-std=CL1.2,2048,0.02036
myGEMM.cu,11, 4,-cl-std=CL1.2,2048,0.00895
myGEMM.cl,11, 4,-cl-std=CL1.2,2048,0.00864
   cuBLAS,11, 4,-cl-std=CL1.2,4096,0.04070
   clBlas,11, 4,-cl-std=CL1.2,4096,0.11801
myGEMM.cu,11, 4,-cl-std=CL1.2,4096,0.06268
myGEMM.cl,11, 4,-cl-std=CL1.2,4096,0.04433
   cuBLAS,11,16,-cl-std=CL1.2,1024,0.00092
   clBlas,11,16,-cl-std=CL1.2,1024,0.00601
myGEMM.cu,11,16,-cl-std=CL1.2,1024,0.00142
myGEMM.cl,11,16,-cl-std=CL1.2,1024,0.00138
   cuBLAS,11,16,-cl-std=CL1.2,2048,0.00532
   clBlas,11,16,-cl-std=CL1.2,2048,0.02043
myGEMM.cu,11,16,-cl-std=CL1.2,2048,0.00897
myGEMM.cl,11,16,-cl-std=CL1.2,2048,0.00850
   cuBLAS,11,16,-cl-std=CL1.2,4096,0.04170
   clBlas,11,16,-cl-std=CL1.2,4096,0.12046
myGEMM.cu,11,16,-cl-std=CL1.2,4096,0.06234
myGEMM.cl,11,16,-cl-std=CL1.2,4096,0.04421
   cuBLAS,11,32,-cl-std=CL1.2,1024,0.00088
   clBlas,11,32,-cl-std=CL1.2,1024,0.00589
myGEMM.cu,11,32,-cl-std=CL1.2,1024,0.00147
myGEMM.cl,11,32,-cl-std=CL1.2,1024,0.00137
   cuBLAS,11,32,-cl-std=CL1.2,2048,0.00535
   clBlas,11,32,-cl-std=CL1.2,2048,0.02038
myGEMM.cu,11,32,-cl-std=CL1.2,2048,0.00896
myGEMM.cl,11,32,-cl-std=CL1.2,2048,0.00857
   cuBLAS,11,32,-cl-std=CL1.2,4096,0.03529
   clBlas,11,32,-cl-std=CL1.2,4096,0.11211
myGEMM.cu,11,32,-cl-std=CL1.2,4096,0.05699
myGEMM.cl,11,32,-cl-std=CL1.2,4096,0.04755
   cuBLAS, 3,16,-cl-std=CL2.0,1024,0.00102
   clBlas, 3,16,-cl-std=CL2.0,1024,0.00678
myGEMM.cu, 3,16,-cl-std=CL2.0,1024,0.00264
myGEMM.cl, 3,16,-cl-std=CL2.0,1024,0.00242
   cuBLAS, 3,16,-cl-std=CL2.0,2048,0.00533
   clBlas, 3,16,-cl-std=CL2.0,2048,0.03160
myGEMM.cu, 3,16,-cl-std=CL2.0,2048,0.01766
myGEMM.cl, 3,16,-cl-std=CL2.0,2048,0.01879
   cuBLAS, 3,16,-cl-std=CL2.0,4096,0.03833
   clBlas, 3,16,-cl-std=CL2.0,4096,0.13096
myGEMM.cu, 3,16,-cl-std=CL2.0,4096,0.13337
myGEMM.cl, 3,16,-cl-std=CL2.0,4096,0.13680
   cuBLAS, 3,32,-cl-std=CL2.0,1024,0.00087
   clBlas, 3,32,-cl-std=CL2.0,1024,0.00619
myGEMM.cu, 3,32,-cl-std=CL2.0,1024,0.00191
myGEMM.cl, 3,32,-cl-std=CL2.0,1024,0.00187
   cuBLAS, 3,32,-cl-std=CL2.0,2048,0.00537
   clBlas, 3,32,-cl-std=CL2.0,2048,0.02053
myGEMM.cu, 3,32,-cl-std=CL2.0,2048,0.01336
myGEMM.cl, 3,32,-cl-std=CL2.0,2048,0.01411
   cuBLAS, 3,32,-cl-std=CL2.0,4096,0.04108
   clBlas, 3,32,-cl-std=CL2.0,4096,0.11905
myGEMM.cu, 3,32,-cl-std=CL2.0,4096,0.09330
myGEMM.cl, 3,32,-cl-std=CL2.0,4096,0.08810
   cuBLAS, 4,16,-cl-std=CL2.0,1024,0.00089
   clBlas, 4,16,-cl-std=CL2.0,1024,0.00735
myGEMM.cu, 4,16,-cl-std=CL2.0,1024,0.00307
myGEMM.cl, 4,16,-cl-std=CL2.0,1024,0.00285
   cuBLAS, 4,16,-cl-std=CL2.0,2048,0.00538
   clBlas, 4,16,-cl-std=CL2.0,2048,0.02048
myGEMM.cu, 4,16,-cl-std=CL2.0,2048,0.02257
myGEMM.cl, 4,16,-cl-std=CL2.0,2048,0.02230
   cuBLAS, 4,16,-cl-std=CL2.0,4096,0.04084
   clBlas, 4,16,-cl-std=CL2.0,4096,0.11791
myGEMM.cu, 4,16,-cl-std=CL2.0,4096,0.16172
myGEMM.cl, 4,16,-cl-std=CL2.0,4096,0.15240
   cuBLAS, 4,32,-cl-std=CL2.0,1024,0.00095
   clBlas, 4,32,-cl-std=CL2.0,1024,0.00858
myGEMM.cu, 4,32,-cl-std=CL2.0,1024,0.00269
myGEMM.cl, 4,32,-cl-std=CL2.0,1024,0.00236
   cuBLAS, 4,32,-cl-std=CL2.0,2048,0.00535
   clBlas, 4,32,-cl-std=CL2.0,2048,0.02066
myGEMM.cu, 4,32,-cl-std=CL2.0,2048,0.01839
myGEMM.cl, 4,32,-cl-std=CL2.0,2048,0.01819
   cuBLAS, 4,32,-cl-std=CL2.0,4096,0.04107
   clBlas, 4,32,-cl-std=CL2.0,4096,0.12791
myGEMM.cu, 4,32,-cl-std=CL2.0,4096,0.11198
myGEMM.cl, 4,32,-cl-std=CL2.0,4096,0.11002
   cuBLAS, 5,16,-cl-std=CL2.0,1024,0.00091
   clBlas, 5,16,-cl-std=CL2.0,1024,0.00687
myGEMM.cu, 5,16,-cl-std=CL2.0,1024,0.00343
myGEMM.cl, 5,16,-cl-std=CL2.0,1024,0.00490
   cuBLAS, 5,16,-cl-std=CL2.0,2048,0.00536
   clBlas, 5,16,-cl-std=CL2.0,2048,0.02039
myGEMM.cu, 5,16,-cl-std=CL2.0,2048,0.02353
myGEMM.cl, 5,16,-cl-std=CL2.0,2048,0.03659
   cuBLAS, 5,16,-cl-std=CL2.0,4096,0.03965
   clBlas, 5,16,-cl-std=CL2.0,4096,0.12364
myGEMM.cu, 5,16,-cl-std=CL2.0,4096,0.16071
myGEMM.cl, 5,16,-cl-std=CL2.0,4096,0.22580
   cuBLAS, 5,32,-cl-std=CL2.0,1024,0.00093
   clBlas, 5,32,-cl-std=CL2.0,1024,0.00685
myGEMM.cu, 5,32,-cl-std=CL2.0,1024,0.00281
myGEMM.cl, 5,32,-cl-std=CL2.0,1024,0.00442
   cuBLAS, 5,32,-cl-std=CL2.0,2048,0.00535
   clBlas, 5,32,-cl-std=CL2.0,2048,0.02038
myGEMM.cu, 5,32,-cl-std=CL2.0,2048,0.02000
myGEMM.cl, 5,32,-cl-std=CL2.0,2048,0.03288
   cuBLAS, 5,32,-cl-std=CL2.0,4096,0.03954
   clBlas, 5,32,-cl-std=CL2.0,4096,0.13683
myGEMM.cu, 5,32,-cl-std=CL2.0,4096,0.11854
myGEMM.cl, 5,32,-cl-std=CL2.0,4096,0.17816
   cuBLAS, 6,16,-cl-std=CL2.0,1024,0.00092
   clBlas, 6,16,-cl-std=CL2.0,1024,0.00678
myGEMM.cu, 6,16,-cl-std=CL2.0,1024,0.00136
myGEMM.cl, 6,16,-cl-std=CL2.0,1024,0.00156
   cuBLAS, 6,16,-cl-std=CL2.0,2048,0.00536
   clBlas, 6,16,-cl-std=CL2.0,2048,0.02042
myGEMM.cu, 6,16,-cl-std=CL2.0,2048,0.00699
myGEMM.cl, 6,16,-cl-std=CL2.0,2048,0.00840
   cuBLAS, 6,16,-cl-std=CL2.0,4096,0.03710
   clBlas, 6,16,-cl-std=CL2.0,4096,0.14976
myGEMM.cu, 6,16,-cl-std=CL2.0,4096,0.03834
myGEMM.cl, 6,16,-cl-std=CL2.0,4096,0.03903
   cuBLAS, 6,32,-cl-std=CL2.0,1024,0.00091
   clBlas, 6,32,-cl-std=CL2.0,1024,0.00719
myGEMM.cu, 6,32,-cl-std=CL2.0,1024,0.00135
myGEMM.cl, 6,32,-cl-std=CL2.0,1024,0.00154
   cuBLAS, 6,32,-cl-std=CL2.0,2048,0.00535
   clBlas, 6,32,-cl-std=CL2.0,2048,0.02038
myGEMM.cu, 6,32,-cl-std=CL2.0,2048,0.00698
myGEMM.cl, 6,32,-cl-std=CL2.0,2048,0.00837
   cuBLAS, 6,32,-cl-std=CL2.0,4096,0.04128
   clBlas, 6,32,-cl-std=CL2.0,4096,0.11931
myGEMM.cu, 6,32,-cl-std=CL2.0,4096,0.03738
myGEMM.cl, 6,32,-cl-std=CL2.0,4096,0.03945
   cuBLAS, 7,16,-cl-std=CL2.0,1024,0.00089
   clBlas, 7,16,-cl-std=CL2.0,1024,0.00708
myGEMM.cu, 7,16,-cl-std=CL2.0,1024,0.00146
myGEMM.cl, 7,16,-cl-std=CL2.0,1024,0.00148
   cuBLAS, 7,16,-cl-std=CL2.0,2048,0.00538
   clBlas, 7,16,-cl-std=CL2.0,2048,0.02051
myGEMM.cu, 7,16,-cl-std=CL2.0,2048,0.00749
myGEMM.cl, 7,16,-cl-std=CL2.0,2048,0.00825
   cuBLAS, 7,16,-cl-std=CL2.0,4096,0.03386
   clBlas, 7,16,-cl-std=CL2.0,4096,0.14815
myGEMM.cu, 7,16,-cl-std=CL2.0,4096,0.03933
myGEMM.cl, 7,16,-cl-std=CL2.0,4096,0.03893
   cuBLAS, 7,32,-cl-std=CL2.0,1024,0.00093
   clBlas, 7,32,-cl-std=CL2.0,1024,0.00587
myGEMM.cu, 7,32,-cl-std=CL2.0,1024,0.00144
myGEMM.cl, 7,32,-cl-std=CL2.0,1024,0.00154
   cuBLAS, 7,32,-cl-std=CL2.0,2048,0.00533
   clBlas, 7,32,-cl-std=CL2.0,2048,0.02090
myGEMM.cu, 7,32,-cl-std=CL2.0,2048,0.00749
myGEMM.cl, 7,32,-cl-std=CL2.0,2048,0.00827
   cuBLAS, 7,32,-cl-std=CL2.0,4096,0.04129
   clBlas, 7,32,-cl-std=CL2.0,4096,0.11802
myGEMM.cu, 7,32,-cl-std=CL2.0,4096,0.04436
myGEMM.cl, 7,32,-cl-std=CL2.0,4096,0.03855
   cuBLAS, 3,16,-cl-std=CL1.2,1024,0.00091
   clBlas, 3,16,-cl-std=CL1.2,1024,0.00634
myGEMM.cu, 3,16,-cl-std=CL1.2,1024,0.00243
myGEMM.cl, 3,16,-cl-std=CL1.2,1024,0.00241
   cuBLAS, 3,16,-cl-std=CL1.2,2048,0.00534
   clBlas, 3,16,-cl-std=CL1.2,2048,0.02045
myGEMM.cu, 3,16,-cl-std=CL1.2,2048,0.01766
myGEMM.cl, 3,16,-cl-std=CL1.2,2048,0.01877
   cuBLAS, 3,16,-cl-std=CL1.2,4096,0.04095
   clBlas, 3,16,-cl-std=CL1.2,4096,0.12081
myGEMM.cu, 3,16,-cl-std=CL1.2,4096,0.13949
myGEMM.cl, 3,16,-cl-std=CL1.2,4096,0.14057
   cuBLAS, 3,32,-cl-std=CL1.2,1024,0.00089
   clBlas, 3,32,-cl-std=CL1.2,1024,0.00666
myGEMM.cu, 3,32,-cl-std=CL1.2,1024,0.00192
myGEMM.cl, 3,32,-cl-std=CL1.2,1024,0.00183
   cuBLAS, 3,32,-cl-std=CL1.2,2048,0.00537
   clBlas, 3,32,-cl-std=CL1.2,2048,0.02050
myGEMM.cu, 3,32,-cl-std=CL1.2,2048,0.01336
myGEMM.cl, 3,32,-cl-std=CL1.2,2048,0.01410
   cuBLAS, 3,32,-cl-std=CL1.2,4096,0.04089
   clBlas, 3,32,-cl-std=CL1.2,4096,0.13710
myGEMM.cu, 3,32,-cl-std=CL1.2,4096,0.08658
myGEMM.cl, 3,32,-cl-std=CL1.2,4096,0.08578
   cuBLAS, 4,16,-cl-std=CL1.2,1024,0.00088
   clBlas, 4,16,-cl-std=CL1.2,1024,0.00679
myGEMM.cu, 4,16,-cl-std=CL1.2,1024,0.00311
myGEMM.cl, 4,16,-cl-std=CL1.2,1024,0.00286
   cuBLAS, 4,16,-cl-std=CL1.2,2048,0.00536
   clBlas, 4,16,-cl-std=CL1.2,2048,0.02037
myGEMM.cu, 4,16,-cl-std=CL1.2,2048,0.02257
myGEMM.cl, 4,16,-cl-std=CL1.2,2048,0.02230
   cuBLAS, 4,16,-cl-std=CL1.2,4096,0.04154
   clBlas, 4,16,-cl-std=CL1.2,4096,0.11907
myGEMM.cu, 4,16,-cl-std=CL1.2,4096,0.16359
myGEMM.cl, 4,16,-cl-std=CL1.2,4096,0.15147
   cuBLAS, 4,32,-cl-std=CL1.2,1024,0.00094
   clBlas, 4,32,-cl-std=CL1.2,1024,0.00574
myGEMM.cu, 4,32,-cl-std=CL1.2,1024,0.00255
myGEMM.cl, 4,32,-cl-std=CL1.2,1024,0.00235
   cuBLAS, 4,32,-cl-std=CL1.2,2048,0.00536
   clBlas, 4,32,-cl-std=CL1.2,2048,0.02066
myGEMM.cu, 4,32,-cl-std=CL1.2,2048,0.01838
myGEMM.cl, 4,32,-cl-std=CL1.2,2048,0.01819
   cuBLAS, 4,32,-cl-std=CL1.2,4096,0.04083
   clBlas, 4,32,-cl-std=CL1.2,4096,0.15108
myGEMM.cu, 4,32,-cl-std=CL1.2,4096,0.11325
myGEMM.cl, 4,32,-cl-std=CL1.2,4096,0.10855
   cuBLAS, 5,16,-cl-std=CL1.2,1024,0.00090
   clBlas, 5,16,-cl-std=CL1.2,1024,0.00635
myGEMM.cu, 5,16,-cl-std=CL1.2,1024,0.00321
myGEMM.cl, 5,16,-cl-std=CL1.2,1024,0.00480
   cuBLAS, 5,16,-cl-std=CL1.2,2048,0.00537
   clBlas, 5,16,-cl-std=CL1.2,2048,0.02053
myGEMM.cu, 5,16,-cl-std=CL1.2,2048,0.02355
myGEMM.cl, 5,16,-cl-std=CL1.2,2048,0.03662
   cuBLAS, 5,16,-cl-std=CL1.2,4096,0.04153
   clBlas, 5,16,-cl-std=CL1.2,4096,0.17205
myGEMM.cu, 5,16,-cl-std=CL1.2,4096,0.17153
myGEMM.cl, 5,16,-cl-std=CL1.2,4096,0.22549
   cuBLAS, 5,32,-cl-std=CL1.2,1024,0.00093
   clBlas, 5,32,-cl-std=CL1.2,1024,0.00618
myGEMM.cu, 5,32,-cl-std=CL1.2,1024,0.00282
myGEMM.cl, 5,32,-cl-std=CL1.2,1024,0.00442
   cuBLAS, 5,32,-cl-std=CL1.2,2048,0.00532
   clBlas, 5,32,-cl-std=CL1.2,2048,0.02042
myGEMM.cu, 5,32,-cl-std=CL1.2,2048,0.02000
myGEMM.cl, 5,32,-cl-std=CL1.2,2048,0.03314
   cuBLAS, 5,32,-cl-std=CL1.2,4096,0.03907
   clBlas, 5,32,-cl-std=CL1.2,4096,0.12188
myGEMM.cu, 5,32,-cl-std=CL1.2,4096,0.11665
myGEMM.cl, 5,32,-cl-std=CL1.2,4096,0.17885
   cuBLAS, 6,16,-cl-std=CL1.2,1024,0.00090
   clBlas, 6,16,-cl-std=CL1.2,1024,0.00639
myGEMM.cu, 6,16,-cl-std=CL1.2,1024,0.00140
myGEMM.cl, 6,16,-cl-std=CL1.2,1024,0.00157
   cuBLAS, 6,16,-cl-std=CL1.2,2048,0.00540
   clBlas, 6,16,-cl-std=CL1.2,2048,0.02067
myGEMM.cu, 6,16,-cl-std=CL1.2,2048,0.00698
myGEMM.cl, 6,16,-cl-std=CL1.2,2048,0.00838
   cuBLAS, 6,16,-cl-std=CL1.2,4096,0.03607
   clBlas, 6,16,-cl-std=CL1.2,4096,0.14501
myGEMM.cu, 6,16,-cl-std=CL1.2,4096,0.03361
myGEMM.cl, 6,16,-cl-std=CL1.2,4096,0.03941
   cuBLAS, 6,32,-cl-std=CL1.2,1024,0.00094
   clBlas, 6,32,-cl-std=CL1.2,1024,0.00733
myGEMM.cu, 6,32,-cl-std=CL1.2,1024,0.00138
myGEMM.cl, 6,32,-cl-std=CL1.2,1024,0.00150
   cuBLAS, 6,32,-cl-std=CL1.2,2048,0.00534
   clBlas, 6,32,-cl-std=CL1.2,2048,0.02031
myGEMM.cu, 6,32,-cl-std=CL1.2,2048,0.00699
myGEMM.cl, 6,32,-cl-std=CL1.2,2048,0.00837
   cuBLAS, 6,32,-cl-std=CL1.2,4096,0.04158
   clBlas, 6,32,-cl-std=CL1.2,4096,0.11742
myGEMM.cu, 6,32,-cl-std=CL1.2,4096,0.03937
myGEMM.cl, 6,32,-cl-std=CL1.2,4096,0.04166
   cuBLAS, 7,16,-cl-std=CL1.2,1024,0.00088
   clBlas, 7,16,-cl-std=CL1.2,1024,0.00833
myGEMM.cu, 7,16,-cl-std=CL1.2,1024,0.00155
myGEMM.cl, 7,16,-cl-std=CL1.2,1024,0.00149
   cuBLAS, 7,16,-cl-std=CL1.2,2048,0.00537
   clBlas, 7,16,-cl-std=CL1.2,2048,0.02063
myGEMM.cu, 7,16,-cl-std=CL1.2,2048,0.00751
myGEMM.cl, 7,16,-cl-std=CL1.2,2048,0.00835
   cuBLAS, 7,16,-cl-std=CL1.2,4096,0.03403
   clBlas, 7,16,-cl-std=CL1.2,4096,0.11642
myGEMM.cu, 7,16,-cl-std=CL1.2,4096,0.04226
myGEMM.cl, 7,16,-cl-std=CL1.2,4096,0.03961
   cuBLAS, 7,32,-cl-std=CL1.2,1024,0.00089
   clBlas, 7,32,-cl-std=CL1.2,1024,0.00709
myGEMM.cu, 7,32,-cl-std=CL1.2,1024,0.00154
myGEMM.cl, 7,32,-cl-std=CL1.2,1024,0.00169
   cuBLAS, 7,32,-cl-std=CL1.2,2048,0.00536
   clBlas, 7,32,-cl-std=CL1.2,2048,0.02041
myGEMM.cu, 7,32,-cl-std=CL1.2,2048,0.00750
myGEMM.cl, 7,32,-cl-std=CL1.2,2048,0.00827
   cuBLAS, 7,32,-cl-std=CL1.2,4096,0.03997
   clBlas, 7,32,-cl-std=CL1.2,4096,0.13546
myGEMM.cu, 7,32,-cl-std=CL1.2,4096,0.03693
myGEMM.cl, 7,32,-cl-std=CL1.2,4096,0.03831
   cuBLAS, 1, 4,-cl-std=CL2.0,1024,0.00087
   clBlas, 1, 4,-cl-std=CL2.0,1024,0.00598
myGEMM.cu, 1, 4,-cl-std=CL2.0,1024,0.01737
myGEMM.cl, 1, 4,-cl-std=CL2.0,1024,0.01689
   cuBLAS, 1, 4,-cl-std=CL2.0,2048,0.00532
   clBlas, 1, 4,-cl-std=CL2.0,2048,0.02138
myGEMM.cu, 1, 4,-cl-std=CL2.0,2048,0.14292
myGEMM.cl, 1, 4,-cl-std=CL2.0,2048,0.11857
   cuBLAS, 1, 4,-cl-std=CL2.0,4096,0.03452
   clBlas, 1, 4,-cl-std=CL2.0,4096,0.13158
myGEMM.cu, 1, 4,-cl-std=CL2.0,4096,1.10073
myGEMM.cl, 1, 4,-cl-std=CL2.0,4096,1.06374
   cuBLAS, 1,16,-cl-std=CL2.0,1024,0.00090
   clBlas, 1,16,-cl-std=CL2.0,1024,0.00645
myGEMM.cu, 1,16,-cl-std=CL2.0,1024,0.00689
myGEMM.cl, 1,16,-cl-std=CL2.0,1024,0.00673
   cuBLAS, 1,16,-cl-std=CL2.0,2048,0.00536
   clBlas, 1,16,-cl-std=CL2.0,2048,0.02055
myGEMM.cu, 1,16,-cl-std=CL2.0,2048,0.05245
myGEMM.cl, 1,16,-cl-std=CL2.0,2048,0.04223
   cuBLAS, 1,16,-cl-std=CL2.0,4096,0.03239
   clBlas, 1,16,-cl-std=CL2.0,4096,0.14497
myGEMM.cu, 1,16,-cl-std=CL2.0,4096,0.37355
myGEMM.cl, 1,16,-cl-std=CL2.0,4096,0.38240
   cuBLAS, 1,32,-cl-std=CL2.0,1024,0.00087
   clBlas, 1,32,-cl-std=CL2.0,1024,0.00824
myGEMM.cu, 1,32,-cl-std=CL2.0,1024,0.00752
myGEMM.cl, 1,32,-cl-std=CL2.0,1024,0.00717
   cuBLAS, 1,32,-cl-std=CL2.0,2048,0.00536
   clBlas, 1,32,-cl-std=CL2.0,2048,0.02056
myGEMM.cu, 1,32,-cl-std=CL2.0,2048,0.05669
myGEMM.cl, 1,32,-cl-std=CL2.0,2048,0.05036
   cuBLAS, 1,32,-cl-std=CL2.0,4096,0.03953
   clBlas, 1,32,-cl-std=CL2.0,4096,0.11754
myGEMM.cu, 1,32,-cl-std=CL2.0,4096,0.33902
myGEMM.cl, 1,32,-cl-std=CL2.0,4096,0.32902
   cuBLAS, 2, 4,-cl-std=CL2.0,1024,0.00091
   clBlas, 2, 4,-cl-std=CL2.0,1024,0.00572
myGEMM.cu, 2, 4,-cl-std=CL2.0,1024,0.02801
myGEMM.cl, 2, 4,-cl-std=CL2.0,1024,0.02820
   cuBLAS, 2, 4,-cl-std=CL2.0,2048,0.00533
   clBlas, 2, 4,-cl-std=CL2.0,2048,0.02036
myGEMM.cu, 2, 4,-cl-std=CL2.0,2048,0.22471
myGEMM.cl, 2, 4,-cl-std=CL2.0,2048,0.18784
   cuBLAS, 2, 4,-cl-std=CL2.0,4096,0.02448
   clBlas, 2, 4,-cl-std=CL2.0,4096,0.11061
myGEMM.cu, 2, 4,-cl-std=CL2.0,4096,1.52041
myGEMM.cl, 2, 4,-cl-std=CL2.0,4096,1.52929
   cuBLAS, 2,16,-cl-std=CL2.0,1024,0.00087
   clBlas, 2,16,-cl-std=CL2.0,1024,0.00848
myGEMM.cu, 2,16,-cl-std=CL2.0,1024,0.00535
myGEMM.cl, 2,16,-cl-std=CL2.0,1024,0.00525
   cuBLAS, 2,16,-cl-std=CL2.0,2048,0.00535
   clBlas, 2,16,-cl-std=CL2.0,2048,0.02191
myGEMM.cu, 2,16,-cl-std=CL2.0,2048,0.04037
myGEMM.cl, 2,16,-cl-std=CL2.0,2048,0.04188
   cuBLAS, 2,16,-cl-std=CL2.0,4096,0.03644
   clBlas, 2,16,-cl-std=CL2.0,4096,0.11621
myGEMM.cu, 2,16,-cl-std=CL2.0,4096,0.25447
myGEMM.cl, 2,16,-cl-std=CL2.0,4096,0.25793
   cuBLAS, 2,32,-cl-std=CL2.0,1024,0.00087
   clBlas, 2,32,-cl-std=CL2.0,1024,0.00604
myGEMM.cu, 2,32,-cl-std=CL2.0,1024,0.00572
myGEMM.cl, 2,32,-cl-std=CL2.0,1024,0.00572
   cuBLAS, 2,32,-cl-std=CL2.0,2048,0.00539
   clBlas, 2,32,-cl-std=CL2.0,2048,0.02141
myGEMM.cu, 2,32,-cl-std=CL2.0,2048,0.04427
myGEMM.cl, 2,32,-cl-std=CL2.0,2048,0.04216
   cuBLAS, 2,32,-cl-std=CL2.0,4096,0.03989
   clBlas, 2,32,-cl-std=CL2.0,4096,0.12103
myGEMM.cu, 2,32,-cl-std=CL2.0,4096,0.24868
myGEMM.cl, 2,32,-cl-std=CL2.0,4096,0.24694
   cuBLAS, 1, 4,-cl-std=CL1.2,1024,0.00089
   clBlas, 1, 4,-cl-std=CL1.2,1024,0.00629
myGEMM.cu, 1, 4,-cl-std=CL1.2,1024,0.01731
myGEMM.cl, 1, 4,-cl-std=CL1.2,1024,0.01689
   cuBLAS, 1, 4,-cl-std=CL1.2,2048,0.00535
   clBlas, 1, 4,-cl-std=CL1.2,2048,0.02061
myGEMM.cu, 1, 4,-cl-std=CL1.2,2048,0.14494
myGEMM.cl, 1, 4,-cl-std=CL1.2,2048,0.12008
   cuBLAS, 1, 4,-cl-std=CL1.2,4096,0.02971
   clBlas, 1, 4,-cl-std=CL1.2,4096,0.11951
myGEMM.cu, 1, 4,-cl-std=CL1.2,4096,1.11383
myGEMM.cl, 1, 4,-cl-std=CL1.2,4096,1.07602
   cuBLAS, 1,16,-cl-std=CL1.2,1024,0.00087
   clBlas, 1,16,-cl-std=CL1.2,1024,0.00627
myGEMM.cu, 1,16,-cl-std=CL1.2,1024,0.00681
myGEMM.cl, 1,16,-cl-std=CL1.2,1024,0.00673
   cuBLAS, 1,16,-cl-std=CL1.2,2048,0.00535
   clBlas, 1,16,-cl-std=CL1.2,2048,0.02036
myGEMM.cu, 1,16,-cl-std=CL1.2,2048,0.05242
myGEMM.cl, 1,16,-cl-std=CL1.2,2048,0.04221
   cuBLAS, 1,16,-cl-std=CL1.2,4096,0.03928
   clBlas, 1,16,-cl-std=CL1.2,4096,0.13227
myGEMM.cu, 1,16,-cl-std=CL1.2,4096,0.37637
myGEMM.cl, 1,16,-cl-std=CL1.2,4096,0.38218
   cuBLAS, 1,32,-cl-std=CL1.2,1024,0.00091
   clBlas, 1,32,-cl-std=CL1.2,1024,0.00688
myGEMM.cu, 1,32,-cl-std=CL1.2,1024,0.00741
myGEMM.cl, 1,32,-cl-std=CL1.2,1024,0.00718
   cuBLAS, 1,32,-cl-std=CL1.2,2048,0.00532
   clBlas, 1,32,-cl-std=CL1.2,2048,0.02062
myGEMM.cu, 1,32,-cl-std=CL1.2,2048,0.05679
myGEMM.cl, 1,32,-cl-std=CL1.2,2048,0.04303
   cuBLAS, 1,32,-cl-std=CL1.2,4096,0.03305
   clBlas, 1,32,-cl-std=CL1.2,4096,0.14759
myGEMM.cu, 1,32,-cl-std=CL1.2,4096,0.33890
myGEMM.cl, 1,32,-cl-std=CL1.2,4096,0.33291
   cuBLAS, 2, 4,-cl-std=CL1.2,1024,0.00089
   clBlas, 2, 4,-cl-std=CL1.2,1024,0.00837
myGEMM.cu, 2, 4,-cl-std=CL1.2,1024,0.02821
myGEMM.cl, 2, 4,-cl-std=CL1.2,1024,0.02830
   cuBLAS, 2, 4,-cl-std=CL1.2,2048,0.00534
   clBlas, 2, 4,-cl-std=CL1.2,2048,0.02056
myGEMM.cu, 2, 4,-cl-std=CL1.2,2048,0.20931
myGEMM.cl, 2, 4,-cl-std=CL1.2,2048,0.18845
   cuBLAS, 2, 4,-cl-std=CL1.2,4096,0.02633
   clBlas, 2, 4,-cl-std=CL1.2,4096,0.11127
myGEMM.cu, 2, 4,-cl-std=CL1.2,4096,1.52485
myGEMM.cl, 2, 4,-cl-std=CL1.2,4096,1.53251
   cuBLAS, 2,16,-cl-std=CL1.2,1024,0.00091
   clBlas, 2,16,-cl-std=CL1.2,1024,0.00586
myGEMM.cu, 2,16,-cl-std=CL1.2,1024,0.00530
myGEMM.cl, 2,16,-cl-std=CL1.2,1024,0.00525
   cuBLAS, 2,16,-cl-std=CL1.2,2048,0.00531
   clBlas, 2,16,-cl-std=CL1.2,2048,0.02058
myGEMM.cu, 2,16,-cl-std=CL1.2,2048,0.04038
myGEMM.cl, 2,16,-cl-std=CL1.2,2048,0.03632
   cuBLAS, 2,16,-cl-std=CL1.2,4096,0.03521
   clBlas, 2,16,-cl-std=CL1.2,4096,0.11521
myGEMM.cu, 2,16,-cl-std=CL1.2,4096,0.25257
myGEMM.cl, 2,16,-cl-std=CL1.2,4096,0.25819
   cuBLAS, 2,32,-cl-std=CL1.2,1024,0.00091
   clBlas, 2,32,-cl-std=CL1.2,1024,0.00582
myGEMM.cu, 2,32,-cl-std=CL1.2,1024,0.00587
myGEMM.cl, 2,32,-cl-std=CL1.2,1024,0.00572
   cuBLAS, 2,32,-cl-std=CL1.2,2048,0.00532
   clBlas, 2,32,-cl-std=CL1.2,2048,0.02080
myGEMM.cu, 2,32,-cl-std=CL1.2,2048,0.04430
myGEMM.cl, 2,32,-cl-std=CL1.2,2048,0.04218
   cuBLAS, 2,32,-cl-std=CL1.2,4096,0.04085
   clBlas, 2,32,-cl-std=CL1.2,4096,0.15421
myGEMM.cu, 2,32,-cl-std=CL1.2,4096,0.24423
myGEMM.cl, 2,32,-cl-std=CL1.2,4096,0.24690
   cuBLAS, 1, 4,-cl-std=CL2.0,1024,0.00091
   clBlas, 1, 4,-cl-std=CL2.0,1024,0.00628
myGEMM.cu, 1, 4,-cl-std=CL2.0,1024,0.01727
myGEMM.cl, 1, 4,-cl-std=CL2.0,1024,0.01689
   cuBLAS, 1, 4,-cl-std=CL2.0,2048,0.00539
   clBlas, 1, 4,-cl-std=CL2.0,2048,0.02067
myGEMM.cu, 1, 4,-cl-std=CL2.0,2048,0.14136
myGEMM.cl, 1, 4,-cl-std=CL2.0,2048,0.12030
   cuBLAS, 1, 4,-cl-std=CL2.0,4096,0.02450
   clBlas, 1, 4,-cl-std=CL2.0,4096,0.10853
myGEMM.cu, 1, 4,-cl-std=CL2.0,4096,1.11430
myGEMM.cl, 1, 4,-cl-std=CL2.0,4096,1.07538
   cuBLAS, 1,16,-cl-std=CL2.0,1024,0.00092
   clBlas, 1,16,-cl-std=CL2.0,1024,0.00651
myGEMM.cu, 1,16,-cl-std=CL2.0,1024,0.00681
myGEMM.cl, 1,16,-cl-std=CL2.0,1024,0.00673
   cuBLAS, 1,16,-cl-std=CL2.0,2048,0.00538
   clBlas, 1,16,-cl-std=CL2.0,2048,0.02052
myGEMM.cu, 1,16,-cl-std=CL2.0,2048,0.05243
myGEMM.cl, 1,16,-cl-std=CL2.0,2048,0.04338
   cuBLAS, 1,16,-cl-std=CL2.0,4096,0.02951
   clBlas, 1,16,-cl-std=CL2.0,4096,0.11170
myGEMM.cu, 1,16,-cl-std=CL2.0,4096,0.37815
myGEMM.cl, 1,16,-cl-std=CL2.0,4096,0.38032
   cuBLAS, 1,32,-cl-std=CL2.0,1024,0.00091
   clBlas, 1,32,-cl-std=CL2.0,1024,0.00718
myGEMM.cu, 1,32,-cl-std=CL2.0,1024,0.00753
myGEMM.cl, 1,32,-cl-std=CL2.0,1024,0.00718
   cuBLAS, 1,32,-cl-std=CL2.0,2048,0.00536
   clBlas, 1,32,-cl-std=CL2.0,2048,0.02042
myGEMM.cu, 1,32,-cl-std=CL2.0,2048,0.05677
myGEMM.cl, 1,32,-cl-std=CL2.0,2048,0.04757
   cuBLAS, 1,32,-cl-std=CL2.0,4096,0.03287
   clBlas, 1,32,-cl-std=CL2.0,4096,0.11172
myGEMM.cu, 1,32,-cl-std=CL2.0,4096,0.33474
myGEMM.cl, 1,32,-cl-std=CL2.0,4096,0.33172
   cuBLAS, 2, 4,-cl-std=CL2.0,1024,0.00091
   clBlas, 2, 4,-cl-std=CL2.0,1024,0.00719
myGEMM.cu, 2, 4,-cl-std=CL2.0,1024,0.02824
myGEMM.cl, 2, 4,-cl-std=CL2.0,1024,0.02828
   cuBLAS, 2, 4,-cl-std=CL2.0,2048,0.00534
   clBlas, 2, 4,-cl-std=CL2.0,2048,0.02054
myGEMM.cu, 2, 4,-cl-std=CL2.0,2048,0.21247
myGEMM.cl, 2, 4,-cl-std=CL2.0,2048,0.18809
   cuBLAS, 2, 4,-cl-std=CL2.0,4096,0.03119
   clBlas, 2, 4,-cl-std=CL2.0,4096,0.12005
myGEMM.cu, 2, 4,-cl-std=CL2.0,4096,1.52388
myGEMM.cl, 2, 4,-cl-std=CL2.0,4096,1.53050
   cuBLAS, 2,16,-cl-std=CL2.0,1024,0.00091
   clBlas, 2,16,-cl-std=CL2.0,1024,0.00701
myGEMM.cu, 2,16,-cl-std=CL2.0,1024,0.00534
myGEMM.cl, 2,16,-cl-std=CL2.0,1024,0.00530
   cuBLAS, 2,16,-cl-std=CL2.0,2048,0.00536
   clBlas, 2,16,-cl-std=CL2.0,2048,0.02036
myGEMM.cu, 2,16,-cl-std=CL2.0,2048,0.04037
myGEMM.cl, 2,16,-cl-std=CL2.0,2048,0.04187
   cuBLAS, 2,16,-cl-std=CL2.0,4096,0.04126
   clBlas, 2,16,-cl-std=CL2.0,4096,0.16035
myGEMM.cu, 2,16,-cl-std=CL2.0,4096,0.25197
myGEMM.cl, 2,16,-cl-std=CL2.0,4096,0.26014
   cuBLAS, 2,32,-cl-std=CL2.0,1024,0.00090
   clBlas, 2,32,-cl-std=CL2.0,1024,0.00909
myGEMM.cu, 2,32,-cl-std=CL2.0,1024,0.00589
myGEMM.cl, 2,32,-cl-std=CL2.0,1024,0.00572
   cuBLAS, 2,32,-cl-std=CL2.0,2048,0.00533
   clBlas, 2,32,-cl-std=CL2.0,2048,0.02022
myGEMM.cu, 2,32,-cl-std=CL2.0,2048,0.04435
myGEMM.cl, 2,32,-cl-std=CL2.0,2048,0.04277
   cuBLAS, 2,32,-cl-std=CL2.0,4096,0.04085
   clBlas, 2,32,-cl-std=CL2.0,4096,0.11878
myGEMM.cu, 2,32,-cl-std=CL2.0,4096,0.25003
myGEMM.cl, 2,32,-cl-std=CL2.0,4096,0.24679
   cuBLAS, 1, 4,-cl-std=CL1.2,1024,0.00090
   clBlas, 1, 4,-cl-std=CL1.2,1024,0.00608
myGEMM.cu, 1, 4,-cl-std=CL1.2,1024,0.01730
myGEMM.cl, 1, 4,-cl-std=CL1.2,1024,0.01689
   cuBLAS, 1, 4,-cl-std=CL1.2,2048,0.00537
   clBlas, 1, 4,-cl-std=CL1.2,2048,0.02041
myGEMM.cu, 1, 4,-cl-std=CL1.2,2048,0.14480
myGEMM.cl, 1, 4,-cl-std=CL1.2,2048,0.12045
   cuBLAS, 1, 4,-cl-std=CL1.2,4096,0.02512
   clBlas, 1, 4,-cl-std=CL1.2,4096,0.11530
myGEMM.cu, 1, 4,-cl-std=CL1.2,4096,1.11826
myGEMM.cl, 1, 4,-cl-std=CL1.2,4096,1.07888
   cuBLAS, 1,16,-cl-std=CL1.2,1024,0.00090
   clBlas, 1,16,-cl-std=CL1.2,1024,0.00585
myGEMM.cu, 1,16,-cl-std=CL1.2,1024,0.00682
myGEMM.cl, 1,16,-cl-std=CL1.2,1024,0.00674
   cuBLAS, 1,16,-cl-std=CL1.2,2048,0.00533
   clBlas, 1,16,-cl-std=CL1.2,2048,0.02060
myGEMM.cu, 1,16,-cl-std=CL1.2,2048,0.05246
myGEMM.cl, 1,16,-cl-std=CL1.2,2048,0.04219
   cuBLAS, 1,16,-cl-std=CL1.2,4096,0.03589
   clBlas, 1,16,-cl-std=CL1.2,4096,0.15232
myGEMM.cu, 1,16,-cl-std=CL1.2,4096,0.39082
myGEMM.cl, 1,16,-cl-std=CL1.2,4096,0.37949
   cuBLAS, 1,32,-cl-std=CL1.2,1024,0.00088
   clBlas, 1,32,-cl-std=CL1.2,1024,0.00593
myGEMM.cu, 1,32,-cl-std=CL1.2,1024,0.00740
myGEMM.cl, 1,32,-cl-std=CL1.2,1024,0.00718
   cuBLAS, 1,32,-cl-std=CL1.2,2048,0.00539
   clBlas, 1,32,-cl-std=CL1.2,2048,0.02044
myGEMM.cu, 1,32,-cl-std=CL1.2,2048,0.05679
myGEMM.cl, 1,32,-cl-std=CL1.2,2048,0.05181
   cuBLAS, 1,32,-cl-std=CL1.2,4096,0.04111
   clBlas, 1,32,-cl-std=CL1.2,4096,0.12074
myGEMM.cu, 1,32,-cl-std=CL1.2,4096,0.33757
myGEMM.cl, 1,32,-cl-std=CL1.2,4096,0.33242
   cuBLAS, 2, 4,-cl-std=CL1.2,1024,0.00091
   clBlas, 2, 4,-cl-std=CL1.2,1024,0.00715
myGEMM.cu, 2, 4,-cl-std=CL1.2,1024,0.02813
myGEMM.cl, 2, 4,-cl-std=CL1.2,1024,0.02827
   cuBLAS, 2, 4,-cl-std=CL1.2,2048,0.00534
   clBlas, 2, 4,-cl-std=CL1.2,2048,0.02044
myGEMM.cu, 2, 4,-cl-std=CL1.2,2048,0.21700
myGEMM.cl, 2, 4,-cl-std=CL1.2,2048,0.18839
   cuBLAS, 2, 4,-cl-std=CL1.2,4096,0.02462
   clBlas, 2, 4,-cl-std=CL1.2,4096,0.10831
myGEMM.cu, 2, 4,-cl-std=CL1.2,4096,1.52774
myGEMM.cl, 2, 4,-cl-std=CL1.2,4096,1.53446
   cuBLAS, 2,16,-cl-std=CL1.2,1024,0.00090
   clBlas, 2,16,-cl-std=CL1.2,1024,0.00580
myGEMM.cu, 2,16,-cl-std=CL1.2,1024,0.00531
myGEMM.cl, 2,16,-cl-std=CL1.2,1024,0.00524
   cuBLAS, 2,16,-cl-std=CL1.2,2048,0.00537
   clBlas, 2,16,-cl-std=CL1.2,2048,0.02034
myGEMM.cu, 2,16,-cl-std=CL1.2,2048,0.04037
myGEMM.cl, 2,16,-cl-std=CL1.2,2048,0.03930
   cuBLAS, 2,16,-cl-std=CL1.2,4096,0.04145
   clBlas, 2,16,-cl-std=CL1.2,4096,0.11680
myGEMM.cu, 2,16,-cl-std=CL1.2,4096,0.25480
myGEMM.cl, 2,16,-cl-std=CL1.2,4096,0.25985
   cuBLAS, 2,32,-cl-std=CL1.2,1024,0.00090
   clBlas, 2,32,-cl-std=CL1.2,1024,0.00571
myGEMM.cu, 2,32,-cl-std=CL1.2,1024,0.00580
myGEMM.cl, 2,32,-cl-std=CL1.2,1024,0.00569
   cuBLAS, 2,32,-cl-std=CL1.2,2048,0.00539
   clBlas, 2,32,-cl-std=CL1.2,2048,0.02046
myGEMM.cu, 2,32,-cl-std=CL1.2,2048,0.04432
myGEMM.cl, 2,32,-cl-std=CL1.2,2048,0.04488
   cuBLAS, 2,32,-cl-std=CL1.2,4096,0.03452
   clBlas, 2,32,-cl-std=CL1.2,4096,0.14490
myGEMM.cu, 2,32,-cl-std=CL1.2,4096,0.24720
myGEMM.cl, 2,32,-cl-std=CL1.2,4096,0.24716
